Method,Job,AnalyzeLaunchVariance,EvaluateOverhead,MaxAbsoluteError,MaxRelativeError,MinInvokeCount,MinIterationTime,OutlierMode,Affinity,EnvironmentVariables,Jit,LargeAddressAware,Platform,PowerPlanMode,Runtime,AllowVeryLargeObjects,Concurrent,CpuGroups,Force,HeapAffinitizeMask,HeapCount,NoAffinitize,RetainVm,Server,Arguments,BuildConfiguration,Clock,EngineFactory,NuGetReferences,Toolchain,IsMutator,InvocationCount,IterationCount,IterationTime,LaunchCount,MaxIterationCount,MaxWarmupIterationCount,MemoryRandomization,MinIterationCount,MinWarmupIterationCount,RunStrategy,UnrollFactor,WarmupCount,Input,Case,Char Count,Mean,Error,StdDev,Allocated
Calculate,DefaultJob,False,Default,Default,Default,Default,Default,Default,00000000,Empty,RyuJit,Default,Arm64,8c5e7fda-e8bf-4a96-9a85-a6e23a8c635c,.NET 8.0,False,True,False,True,Default,Default,False,False,False,Default,Default,Default,Default,Default,Default,Default,Default,Default,Default,Default,Default,Default,Default,Default,Default,Default,16,Default,Len08_Mod_Pow,Len08_Mod_Pow,7,25.671 ns,0.3219 ns,0.2853 ns,0 B
Calculate,DefaultJob,False,Default,Default,Default,Default,Default,Default,00000000,Empty,RyuJit,Default,Arm64,8c5e7fda-e8bf-4a96-9a85-a6e23a8c635c,.NET 8.0,False,True,False,True,Default,Default,False,False,False,Default,Default,Default,Default,Default,Default,Default,Default,Default,Default,Default,Default,Default,Default,Default,Default,Default,16,Default,Len08_Decimal_AddMul,Len08_Decimal_AddMul,8,14.917 ns,0.1458 ns,0.1292 ns,0 B
Calculate,DefaultJob,False,Default,Default,Default,Default,Default,Default,00000000,Empty,RyuJit,Default,Arm64,8c5e7fda-e8bf-4a96-9a85-a6e23a8c635c,.NET 8.0,False,True,False,True,Default,Default,False,False,False,Default,Default,Default,Default,Default,Default,Default,Default,Default,Default,Default,Default,Default,Default,Default,Default,Default,16,Default,Len08_Whitespace,Len08_Whitespace,8,16.053 ns,0.0249 ns,0.0221 ns,0 B
Calculate,DefaultJob,False,Default,Default,Default,Default,Default,Default,00000000,Empty,RyuJit,Default,Arm64,8c5e7fda-e8bf-4a96-9a85-a6e23a8c635c,.NET 8.0,False,True,False,True,Default,Default,False,False,False,Default,Default,Default,Default,Default,Default,Default,Default,Default,Default,Default,Default,Default,Default,Default,Default,Default,16,Default,Len16_Mod_Decimal,Len16_Mod_Decimal,14,40.061 ns,0.1629 ns,0.1524 ns,0 B
Calculate,DefaultJob,False,Default,Default,Default,Default,Default,Default,00000000,Empty,RyuJit,Default,Arm64,8c5e7fda-e8bf-4a96-9a85-a6e23a8c635c,.NET 8.0,False,True,False,True,Default,Default,False,False,False,Default,Default,Default,Default,Default,Default,Default,Default,Default,Default,Default,Default,Default,Default,Default,Default,Default,16,Default,Len16_Pow_Decimal,Len16_Pow_Decimal,15,31.930 ns,0.3934 ns,0.3285 ns,0 B
Calculate,DefaultJob,False,Default,Default,Default,Default,Default,Default,00000000,Empty,RyuJit,Default,Arm64,8c5e7fda-e8bf-4a96-9a85-a6e23a8c635c,.NET 8.0,False,True,False,True,Default,Default,False,False,False,Default,Default,Default,Default,Default,Default,Default,Default,Default,Default,Default,Default,Default,Default,Default,Default,Default,16,Default,Len16_Whitespace,Len16_Whitespace,15,35.275 ns,0.5241 ns,0.4646 ns,0 B
Calculate,DefaultJob,False,Default,Default,Default,Default,Default,Default,00000000,Empty,RyuJit,Default,Arm64,8c5e7fda-e8bf-4a96-9a85-a6e23a8c635c,.NET 8.0,False,True,False,True,Default,Default,False,False,False,Default,Default,Default,Default,Default,Default,Default,Default,Default,Default,Default,Default,Default,Default,Default,Default,Default,16,Default,Len64_Mixed_02,Len64_Mixed_02,57,164.178 ns,3.2034 ns,3.6890 ns,0 B
Calculate,DefaultJob,False,Default,Default,Default,Default,Default,Default,00000000,Empty,RyuJit,Default,Arm64,8c5e7fda-e8bf-4a96-9a85-a6e23a8c635c,.NET 8.0,False,True,False,True,Default,Default,False,False,False,Default,Default,Default,Default,Default,Default,Default,Default,Default,Default,Default,Default,Default,Default,Default,Default,Default,16,Default,Len64_Mixed_03,Len64_Mixed_03,57,132.367 ns,0.8327 ns,0.7789 ns,0 B
Calculate,DefaultJob,False,Default,Default,Default,Default,Default,Default,00000000,Empty,RyuJit,Default,Arm64,8c5e7fda-e8bf-4a96-9a85-a6e23a8c635c,.NET 8.0,False,True,False,True,Default,Default,False,False,False,Default,Default,Default,Default,Default,Default,Default,Default,Default,Default,Default,Default,Default,Default,Default,Default,Default,16,Default,Len64_Mixed_01,Len64_Mixed_01,64,181.325 ns,3.5479 ns,3.1451 ns,0 B
IsValidFormula,DefaultJob,False,Default,Default,Default,Default,Default,Default,00000000,Empty,RyuJit,Default,Arm64,8c5e7fda-e8bf-4a96-9a85-a6e23a8c635c,.NET 8.0,False,True,False,True,Default,Default,False,False,False,Default,Default,Default,Default,Default,Default,Default,Default,Default,Default,Default,Default,Default,Default,Default,Default,Default,16,Default,Len08_Mod_Pow,Len08_Mod_Pow,7,11.670 ns,0.0525 ns,0.0491 ns,0 B
IsValidFormula,DefaultJob,False,Default,Default,Default,Default,Default,Default,00000000,Empty,RyuJit,Default,Arm64,8c5e7fda-e8bf-4a96-9a85-a6e23a8c635c,.NET 8.0,False,True,False,True,Default,Default,False,False,False,Default,Default,Default,Default,Default,Default,Default,Default,Default,Default,Default,Default,Default,Default,Default,Default,Default,16,Default,Len08_Decimal_AddMul,Len08_Decimal_AddMul,8,7.214 ns,0.0315 ns,0.0263 ns,0 B
IsValidFormula,DefaultJob,False,Default,Default,Default,Default,Default,Default,00000000,Empty,RyuJit,Default,Arm64,8c5e7fda-e8bf-4a96-9a85-a6e23a8c635c,.NET 8.0,False,True,False,True,Default,Default,False,False,False,Default,Default,Default,Default,Default,Default,Default,Default,Default,Default,Default,Default,Default,Default,Default,Default,Default,16,Default,Len08_Whitespace,Len08_Whitespace,8,9.445 ns,0.0956 ns,0.0847 ns,0 B
IsValidFormula,DefaultJob,False,Default,Default,Default,Default,Default,Default,00000000,Empty,RyuJit,Default,Arm64,8c5e7fda-e8bf-4a96-9a85-a6e23a8c635c,.NET 8.0,False,True,False,True,Default,Default,False,False,False,Default,Default,Default,Default,Default,Default,Default,Default,Default,Default,Default,Default,Default,Default,Default,Default,Default,16,Default,Len16_Mod_Decimal,Len16_Mod_Decimal,14,20.376 ns,0.3388 ns,0.2829 ns,0 B
IsValidFormula,DefaultJob,False,Default,Default,Default,Default,Default,Default,00000000,Empty,RyuJit,Default,Arm64,8c5e7fda-e8bf-4a96-9a85-a6e23a8c635c,.NET 8.0,False,True,False,True,Default,Default,False,False,False,Default,Default,Default,Default,Default,Default,Default,Default,Default,Default,Default,Default,Default,Default,Default,Default,Default,16,Default,Len16_Pow_Decimal,Len16_Pow_Decimal,15,19.144 ns,0.3879 ns,0.3629 ns,0 B
IsValidFormula,DefaultJob,False,Default,Default,Default,Default,Default,Default,00000000,Empty,RyuJit,Default,Arm64,8c5e7fda-e8bf-4a96-9a85-a6e23a8c635c,.NET 8.0,False,True,False,True,Default,Default,False,False,False,Default,Default,Default,Default,Default,Default,Default,Default,Default,Default,Default,Default,Default,Default,Default,Default,Default,16,Default,Len16_Whitespace,Len16_Whitespace,15,20.390 ns,0.3468 ns,0.3074 ns,0 B
IsValidFormula,DefaultJob,False,Default,Default,Default,Default,Default,Default,00000000,Empty,RyuJit,Default,Arm64,8c5e7fda-e8bf-4a96-9a85-a6e23a8c635c,.NET 8.0,False,True,False,True,Default,Default,False,False,False,Default,Default,Default,Default,Default,Default,Default,Default,Default,Default,Default,Default,Default,Default,Default,Default,Default,16,Default,Len64_Mixed_02,Len64_Mixed_02,57,86.924 ns,1.5002 ns,2.2454 ns,0 B
IsValidFormula,DefaultJob,False,Default,Default,Default,Default,Default,Default,00000000,Empty,RyuJit,Default,Arm64,8c5e7fda-e8bf-4a96-9a85-a6e23a8c635c,.NET 8.0,False,True,False,True,Default,Default,False,False,False,Default,Default,Default,Default,Default,Default,Default,Default,Default,Default,Default,Default,Default,Default,Default,Default,Default,16,Default,Len64_Mixed_03,Len64_Mixed_03,57,81.124 ns,0.7950 ns,0.7047 ns,0 B
IsValidFormula,DefaultJob,False,Default,Default,Default,Default,Default,Default,00000000,Empty,RyuJit,Default,Arm64,8c5e7fda-e8bf-4a96-9a85-a6e23a8c635c,.NET 8.0,False,True,False,True,Default,Default,False,False,False,Default,Default,Default,Default,Default,Default,Default,Default,Default,Default,Default,Default,Default,Default,Default,Default,Default,16,Default,Len64_Mixed_01,Len64_Mixed_01,64,98.536 ns,0.2344 ns,0.1830 ns,0 B
Calculate_With_IsValidFormula,DefaultJob,False,Default,Default,Default,Default,Default,Default,00000000,Empty,RyuJit,Default,Arm64,8c5e7fda-e8bf-4a96-9a85-a6e23a8c635c,.NET 8.0,False,True,False,True,Default,Default,False,False,False,Default,Default,Default,Default,Default,Default,Default,Default,Default,Default,Default,Default,Default,Default,Default,Default,Default,16,Default,Len08_Mod_Pow,Len08_Mod_Pow,7,38.090 ns,0.2295 ns,0.2034 ns,0 B
Calculate_With_IsValidFormula,DefaultJob,False,Default,Default,Default,Default,Default,Default,00000000,Empty,RyuJit,Default,Arm64,8c5e7fda-e8bf-4a96-9a85-a6e23a8c635c,.NET 8.0,False,True,False,True,Default,Default,False,False,False,Default,Default,Default,Default,Default,Default,Default,Default,Default,Default,Default,Default,Default,Default,Default,Default,Default,16,Default,Len08_Decimal_AddMul,Len08_Decimal_AddMul,8,21.836 ns,0.1106 ns,0.0924 ns,0 B
Calculate_With_IsValidFormula,DefaultJob,False,Default,Default,Default,Default,Default,Default,00000000,Empty,RyuJit,Default,Arm64,8c5e7fda-e8bf-4a96-9a85-a6e23a8c635c,.NET 8.0,False,True,False,True,Default,Default,False,False,False,Default,Default,Default,Default,Default,Default,Default,Default,Default,Default,Default,Default,Default,Default,Default,Default,Default,16,Default,Len08_Whitespace,Len08_Whitespace,8,26.082 ns,0.4000 ns,0.3546 ns,0 B
Calculate_With_IsValidFormula,DefaultJob,False,Default,Default,Default,Default,Default,Default,00000000,Empty,RyuJit,Default,Arm64,8c5e7fda-e8bf-4a96-9a85-a6e23a8c635c,.NET 8.0,False,True,False,True,Default,Default,False,False,False,Default,Default,Default,Default,Default,Default,Default,Default,Default,Default,Default,Default,Default,Default,Default,Default,Default,16,Default,Len16_Mod_Decimal,Len16_Mod_Decimal,14,57.646 ns,0.4676 ns,0.4145 ns,0 B
Calculate_With_IsValidFormula,DefaultJob,False,Default,Default,Default,Default,Default,Default,00000000,Empty,RyuJit,Default,Arm64,8c5e7fda-e8bf-4a96-9a85-a6e23a8c635c,.NET 8.0,False,True,False,True,Default,Default,False,False,False,Default,Default,Default,Default,Default,Default,Default,Default,Default,Default,Default,Default,Default,Default,Default,Default,Default,16,Default,Len16_Pow_Decimal,Len16_Pow_Decimal,15,52.581 ns,1.0335 ns,0.8630 ns,0 B
Calculate_With_IsValidFormula,DefaultJob,False,Default,Default,Default,Default,Default,Default,00000000,Empty,RyuJit,Default,Arm64,8c5e7fda-e8bf-4a96-9a85-a6e23a8c635c,.NET 8.0,False,True,False,True,Default,Default,False,False,False,Default,Default,Default,Default,Default,Default,Default,Default,Default,Default,Default,Default,Default,Default,Default,Default,Default,16,Default,Len16_Whitespace,Len16_Whitespace,15,56.113 ns,0.7693 ns,0.6424 ns,0 B
Calculate_With_IsValidFormula,DefaultJob,False,Default,Default,Default,Default,Default,Default,00000000,Empty,RyuJit,Default,Arm64,8c5e7fda-e8bf-4a96-9a85-a6e23a8c635c,.NET 8.0,False,True,False,True,Default,Default,False,False,False,Default,Default,Default,Default,Default,Default,Default,Default,Default,Default,Default,Default,Default,Default,Default,Default,Default,16,Default,Len64_Mixed_02,Len64_Mixed_02,57,247.505 ns,3.4558 ns,3.2325 ns,0 B
Calculate_With_IsValidFormula,DefaultJob,False,Default,Default,Default,Default,Default,Default,00000000,Empty,RyuJit,Default,Arm64,8c5e7fda-e8bf-4a96-9a85-a6e23a8c635c,.NET 8.0,False,True,False,True,Default,Default,False,False,False,Default,Default,Default,Default,Default,Default,Default,Default,Default,Default,Default,Default,Default,Default,Default,Default,Default,16,Default,Len64_Mixed_03,Len64_Mixed_03,57,215.421 ns,4.1510 ns,5.0978 ns,0 B
Calculate_With_IsValidFormula,DefaultJob,False,Default,Default,Default,Default,Default,Default,00000000,Empty,RyuJit,Default,Arm64,8c5e7fda-e8bf-4a96-9a85-a6e23a8c635c,.NET 8.0,False,True,False,True,Default,Default,False,False,False,Default,Default,Default,Default,Default,Default,Default,Default,Default,Default,Default,Default,Default,Default,Default,Default,Default,16,Default,Len64_Mixed_01,Len64_Mixed_01,64,288.428 ns,5.7067 ns,7.2172 ns,0 B
